vehicle_density,avg_speed,time_of_day,day_of_week,weather_condition,traffic_level
99,51.302055157765636,evening,Saturday,rain,moderate
195,24.597964430515383,morning,Friday,rain,severe
175,35.16724471460163,night,Friday,rain,severe
107,44.62489735808876,afternoon,Sunday,snow,moderate
14,62.108422907509436,night,Sunday,clear,moderate
110,43.854004430432155,morning,Tuesday,snow,moderate
170,59.22018044755519,morning,Monday,rain,severe
60,82.28648596330024,morning,Friday,rain,moderate
15,66.01777751764956,afternoon,Saturday,rain,moderate
197,83.47890965493487,evening,Monday,clear,severe
21,84.89360076924925,night,Thursday,rain,moderate
136,15.239475007064721,afternoon,Friday,rain,severe
111,87.25127438066868,afternoon,Friday,snow,moderate
116,13.54475720352226,afternoon,Wednesday,rain,severe
83,48.081399763091,night,Thursday,rain,moderate
97,49.98157328828106,afternoon,Sunday,clear,moderate
75,66.63674492487623,morning,Tuesday,snow,moderate
98,85.68845673868304,afternoon,Friday,clear,moderate
87,58.73569332683555,afternoon,Saturday,clear,moderate
111,35.431225906261645,morning,Friday,clear,moderate
172,16.7794507240985,night,Monday,rain,severe
57,60.55805895346658,night,Sunday,snow,moderate
122,10.232538287771748,evening,Friday,snow,severe
114,73.23034157305295,morning,Friday,snow,moderate
115,14.96803066503977,evening,Wednesday,snow,severe
135,54.961473168371356,evening,Monday,snow,severe
64,55.32956939564968,afternoon,Monday,clear,moderate
89,72.71984904043074,night,Thursday,clear,moderate
136,74.71440429156327,night,Friday,rain,severe
73,60.85263250674698,afternoon,Thursday,snow,moderate
26,68.87592644288381,afternoon,Monday,snow,moderate
110,21.942387163529702,afternoon,Sunday,clear,severe
68,17.73217908616711,morning,Thursday,clear,severe
133,60.39032537292898,evening,Sunday,rain,severe
170,69.94199914929081,morning,Thursday,snow,severe
117,12.632816929454929,night,Sunday,clear,severe
146,93.95339413931183,afternoon,Sunday,rain,severe
152,78.6652350738313,night,Tuesday,snow,severe
61,94.91286469033301,evening,Sunday,rain,moderate
50,49.82863040050898,afternoon,Saturday,snow,moderate
105,75.20404068262455,night,Saturday,snow,moderate
17,11.13260696926718,morning,Thursday,clear,severe
153,31.16032410849255,night,Wednesday,snow,severe
25,65.51616263164527,afternoon,Sunday,rain,moderate
192,78.4508337590936,evening,Sunday,clear,severe
10,37.183136197016395,night,Saturday,snow,moderate
129,33.04444489135226,morning,Sunday,rain,severe
100,18.86263971251907,morning,Saturday,clear,severe
118,91.14311456075325,evening,Sunday,snow,moderate
71,60.55798404471483,evening,Tuesday,rain,moderate
71,28.05757127004392,night,Wednesday,rain,severe
145,79.27805111492377,evening,Saturday,rain,severe
120,71.55259365300267,afternoon,Thursday,rain,moderate
95,97.49748084793379,night,Thursday,snow,moderate
61,14.179326251035267,morning,Tuesday,rain,severe
48,31.948260165511794,night,Friday,rain,moderate
41,10.438672395910752,morning,Wednesday,clear,severe
18,24.47333811058446,night,Friday,clear,severe
166,44.69930737357636,afternoon,Wednesday,clear,severe
110,56.74454907338982,morning,Thursday,rain,moderate
190,68.26583455633002,evening,Saturday,rain,severe
67,45.591620408483976,morning,Wednesday,clear,moderate
123,65.96756066871907,evening,Sunday,clear,severe
88,89.9226497128695,night,Monday,rain,moderate
108,91.45993311510807,afternoon,Thursday,rain,moderate
167,97.64766632677197,evening,Sunday,snow,severe
156,77.70458740372833,morning,Thursday,rain,severe
62,24.5722998103436,evening,Sunday,rain,severe
15,12.04873475148672,night,Saturday,clear,severe
111,19.640501880155348,morning,Tuesday,snow,severe
154,64.01071672153336,morning,Wednesday,snow,severe
122,87.10409576464009,morning,Thursday,clear,severe
134,19.862107269677068,night,Tuesday,rain,severe
190,10.773592752483674,afternoon,Saturday,clear,severe
168,76.23763324948148,evening,Friday,snow,severe
30,39.325818305063706,evening,Wednesday,snow,moderate
117,13.854937343505561,evening,Sunday,snow,severe
138,35.245709322536584,morning,Thursday,snow,severe
69,51.792925803839864,evening,Thursday,rain,moderate
97,29.58940281519857,afternoon,Sunday,snow,severe
159,29.25116583917884,morning,Tuesday,snow,severe
172,19.08247831766883,evening,Tuesday,rain,severe
149,20.77154455870495,evening,Thursday,rain,severe
124,25.578360140130055,afternoon,Saturday,clear,severe
160,90.57772680777235,evening,Friday,rain,severe
102,98.74978879198562,afternoon,Sunday,snow,moderate
35,49.675964536640834,night,Sunday,clear,moderate
92,49.41271454029326,night,Monday,rain,moderate
97,38.53705624644148,morning,Monday,snow,moderate
189,51.389706943558956,morning,Thursday,clear,severe
117,31.784780706540072,morning,Thursday,rain,moderate
129,13.088594997110368,evening,Friday,rain,severe
176,50.25783213342358,night,Sunday,clear,severe
70,29.847395387025205,afternoon,Sunday,snow,severe
92,23.664413834381,evening,Wednesday,clear,severe
65,31.85074538135001,afternoon,Monday,snow,moderate
32,67.58018302139742,afternoon,Sunday,snow,moderate
96,64.8660513263369,evening,Sunday,snow,moderate
160,56.82738627972321,evening,Tuesday,rain,severe
199,67.99641299272122,evening,Friday,snow,severe
167,42.824072208096794,night,Tuesday,rain,severe
185,87.44968458444797,afternoon,Friday,clear,severe
100,47.46001516253529,evening,Monday,snow,moderate
158,88.8543915665341,afternoon,Sunday,rain,severe
57,35.741423390261915,morning,Saturday,snow,moderate
166,11.630413639294874,morning,Monday,rain,severe
63,54.15299750465833,morning,Sunday,snow,moderate
94,72.15139060105484,night,Tuesday,snow,moderate
124,73.9346898694885,morning,Sunday,clear,severe
29,80.76325077124514,afternoon,Monday,snow,moderate
24,67.12307628400384,afternoon,Sunday,rain,moderate
84,66.33310852742005,afternoon,Wednesday,clear,moderate
199,69.24911874888323,afternoon,Monday,clear,severe
39,41.3178484744388,night,Friday,clear,moderate
146,43.91374357849929,afternoon,Monday,clear,severe
177,29.76475580455983,afternoon,Wednesday,clear,severe
93,12.41184376617066,afternoon,Thursday,rain,severe
104,15.142235753690423,afternoon,Thursday,rain,severe
16,81.21307942034038,morning,Saturday,snow,moderate
17,22.78262975721622,afternoon,Saturday,clear,severe
179,74.45184266679645,afternoon,Thursday,rain,severe
61,10.966341004622523,afternoon,Monday,clear,severe
104,36.9112855875141,morning,Thursday,clear,moderate
187,95.3561261753341,afternoon,Tuesday,clear,severe
29,27.190167158490564,afternoon,Wednesday,rain,severe
133,68.75743229653074,morning,Friday,snow,severe
88,94.99907139078667,afternoon,Saturday,clear,moderate
46,59.639048541415136,night,Monday,snow,moderate
39,75.63553765371381,night,Tuesday,rain,moderate
186,26.074845623235124,evening,Sunday,rain,severe
105,80.24369773490129,morning,Monday,clear,moderate
181,36.11215821095737,evening,Thursday,snow,severe
70,78.3134770511945,night,Wednesday,snow,moderate
89,67.15759995381308,afternoon,Monday,clear,moderate
173,96.17013106830201,night,Wednesday,snow,severe
46,30.85059850731543,evening,Thursday,clear,moderate
67,12.22825809681316,morning,Monday,snow,severe
186,43.66998536823165,evening,Friday,clear,severe
68,66.38650184848015,morning,Saturday,rain,moderate
11,82.96356519919206,evening,Tuesday,snow,moderate
97,69.26005254151194,afternoon,Wednesday,rain,moderate
76,47.67495088317868,afternoon,Saturday,snow,moderate
72,12.027698876486681,morning,Saturday,rain,severe
13,13.28293353341393,morning,Thursday,clear,severe
128,50.477566072766756,morning,Thursday,clear,severe
47,81.37473152877205,evening,Sunday,snow,moderate
106,28.52077028540122,afternoon,Monday,rain,severe
44,72.04630205057649,night,Thursday,rain,moderate
139,13.227816217132968,evening,Tuesday,snow,severe
58,12.847372338541975,morning,Friday,snow,severe
70,20.721685051707084,night,Saturday,snow,severe
196,61.022888077434864,evening,Saturday,rain,severe
102,91.44596118714558,afternoon,Tuesday,rain,moderate
114,18.95789194855871,afternoon,Saturday,clear,severe
16,91.5598328784277,night,Sunday,snow,moderate
111,43.1629913378674,morning,Tuesday,clear,moderate
36,72.62879218960788,afternoon,Wednesday,rain,moderate
84,21.423300324308926,night,Thursday,snow,severe
153,94.67029694487151,afternoon,Sunday,clear,severe
198,29.177548309152364,afternoon,Wednesday,rain,severe
98,39.80190136366562,evening,Saturday,rain,moderate
76,63.07376186023503,night,Friday,snow,moderate
116,60.23828236866995,evening,Saturday,clear,moderate
199,41.87019640184995,morning,Monday,snow,severe
190,42.451918463243786,afternoon,Wednesday,snow,severe
31,26.680456717179226,evening,Saturday,snow,severe
177,83.56767178514743,evening,Sunday,snow,severe
112,21.697250954761984,afternoon,Wednesday,rain,severe
173,37.35493190310111,afternoon,Monday,clear,severe
164,58.51280866781289,evening,Thursday,snow,severe
150,69.80720630012769,evening,Sunday,rain,severe
88,79.58823237977587,morning,Tuesday,clear,moderate
164,21.93534600436213,evening,Tuesday,rain,severe
32,58.8160052860074,evening,Wednesday,rain,moderate
139,49.31570473716027,evening,Wednesday,rain,severe
148,39.34787713968265,morning,Thursday,clear,severe
30,65.87628498015155,evening,Thursday,rain,moderate
110,18.75147640372292,afternoon,Saturday,clear,severe
30,51.30883572097453,morning,Wednesday,clear,moderate
97,20.48425302562311,afternoon,Tuesday,rain,severe
151,59.57806138139294,afternoon,Sunday,clear,severe
61,18.67028318707998,night,Monday,snow,severe
14,76.6267076457661,night,Monday,snow,moderate
122,97.89722424361489,evening,Thursday,clear,severe
65,47.85747805408171,afternoon,Friday,rain,moderate
125,68.19260573105632,afternoon,Friday,clear,severe
107,84.34134346892516,evening,Sunday,snow,moderate
109,46.64088177665503,evening,Monday,snow,moderate
107,84.37152159360926,evening,Thursday,clear,moderate
22,95.83560003248276,night,Saturday,clear,moderate
32,68.02607563469121,afternoon,Monday,snow,moderate
158,17.788461886634522,evening,Tuesday,rain,severe
178,92.33521657139386,night,Friday,rain,severe
112,60.94819729974351,afternoon,Saturday,snow,moderate
32,98.65638684214534,night,Wednesday,clear,moderate
61,94.24661147783249,morning,Friday,clear,moderate
95,35.40760014969295,morning,Sunday,snow,moderate
171,19.985814166122125,night,Wednesday,snow,severe
109,76.65666533484493,night,Thursday,clear,moderate
191,40.1564978713557,afternoon,Monday,clear,severe
105,33.734111792817814,evening,Friday,clear,moderate
59,10.15616733564774,morning,Saturday,clear,severe
190,75.60598259332427,night,Wednesday,snow,severe
77,62.161124559461875,night,Wednesday,clear,moderate
114,65.75090541304617,morning,Wednesday,rain,moderate
178,29.15388392102425,evening,Sunday,rain,severe
21,26.4696305271771,afternoon,Saturday,snow,severe
126,54.50727630681425,evening,Sunday,rain,severe
112,47.75163263410864,evening,Monday,snow,moderate
33,31.28543750137675,afternoon,Thursday,snow,moderate
120,47.861527150517084,afternoon,Monday,clear,moderate
90,54.214783490834364,evening,Wednesday,rain,moderate
24,93.08932359713829,night,Friday,clear,moderate
68,41.8100097794467,night,Monday,rain,moderate
94,25.53891550482891,morning,Friday,snow,severe
120,36.35726561699221,afternoon,Thursday,clear,moderate
160,87.32279270504448,afternoon,Tuesday,rain,severe
121,59.62870584906259,morning,Sunday,clear,severe
141,55.040370111805935,morning,Friday,rain,severe
156,16.932197550189464,morning,Saturday,rain,severe
74,74.40531520108847,morning,Monday,rain,moderate
37,56.6113988288382,evening,Friday,snow,moderate
193,58.28224236466682,evening,Saturday,snow,severe
172,85.73251951895,evening,Sunday,clear,severe
14,70.2328375084921,night,Thursday,clear,moderate
21,26.516879794104177,morning,Friday,snow,severe
100,97.68154922443672,night,Monday,rain,moderate
124,90.95079340573966,morning,Thursday,clear,severe
195,10.629094306401791,afternoon,Tuesday,clear,severe
195,45.27208194686475,morning,Saturday,clear,severe
38,53.64926695422148,evening,Sunday,clear,moderate
192,73.08891693362258,afternoon,Monday,clear,severe
158,50.940574941760694,afternoon,Monday,rain,severe
42,89.68251853170557,morning,Monday,rain,moderate
124,66.69274385335302,morning,Friday,snow,severe
69,86.02959943993847,morning,Wednesday,snow,moderate
128,23.99914933150344,evening,Saturday,snow,severe
170,72.31651126107266,evening,Sunday,rain,severe
97,41.616217652192944,evening,Friday,snow,moderate
46,28.491697048521747,morning,Wednesday,snow,severe
150,60.22223343424335,evening,Friday,rain,severe
122,90.28292395323659,morning,Tuesday,rain,severe
34,85.64824802607048,afternoon,Tuesday,clear,moderate
69,91.58624204882807,night,Saturday,snow,moderate
122,63.11258797041595,night,Monday,clear,severe
88,98.4588164916778,afternoon,Saturday,snow,moderate
14,44.58463017424612,evening,Thursday,rain,moderate
186,91.11393932392305,night,Tuesday,rain,severe
51,88.3618638861045,night,Monday,clear,moderate
32,62.89914316207063,evening,Wednesday,snow,moderate
32,35.476441739106136,night,Sunday,snow,moderate
102,39.680810915538686,night,Sunday,rain,moderate
131,51.147435713580016,afternoon,Monday,clear,severe
56,52.06763594548936,night,Wednesday,rain,moderate
12,57.11423721296613,night,Wednesday,snow,moderate
99,54.35367309744544,night,Sunday,clear,moderate
106,12.561243760998696,evening,Monday,clear,severe
55,66.36085879929166,afternoon,Saturday,snow,moderate
148,14.650970314250245,evening,Tuesday,snow,severe
50,86.57867469905501,night,Wednesday,rain,moderate
135,89.37128521337962,morning,Friday,rain,severe
127,94.8700796770722,night,Thursday,snow,severe
151,50.70230209004514,night,Saturday,rain,severe
69,51.85559536840646,morning,Sunday,clear,moderate
187,51.778535091936114,evening,Wednesday,snow,severe
55,26.2983658809815,afternoon,Thursday,rain,severe
189,28.558230090526855,morning,Friday,clear,severe
173,33.46766997237192,morning,Monday,rain,severe
10,54.61102530797149,afternoon,Tuesday,snow,moderate
121,69.80527885269909,morning,Tuesday,snow,severe
59,73.92270181686268,night,Monday,clear,moderate
119,78.98787015427845,afternoon,Wednesday,clear,moderate
144,47.704710071707446,night,Wednesday,clear,severe
32,93.48188408662631,afternoon,Thursday,rain,moderate
111,99.15477757978255,morning,Tuesday,rain,moderate
160,29.462318112263933,night,Monday,snow,severe
27,94.1506461783359,morning,Tuesday,clear,moderate
142,64.93817787814135,night,Saturday,clear,severe
68,43.484084612981235,night,Saturday,clear,moderate
127,95.21750128409006,night,Friday,clear,severe
105,63.355041962289754,evening,Friday,rain,moderate
117,63.148915815468385,afternoon,Wednesday,snow,moderate
159,95.06308065556271,evening,Tuesday,rain,severe
80,74.10135961597341,afternoon,Friday,rain,moderate
24,48.124000360600604,night,Wednesday,snow,moderate
141,92.83183630202815,morning,Friday,snow,severe
16,77.76421120427396,night,Wednesday,rain,moderate
175,39.72298710079728,evening,Monday,snow,severe
162,53.907133073159976,afternoon,Monday,clear,severe
143,12.848024090753055,morning,Saturday,rain,severe
129,68.30488343506036,afternoon,Saturday,clear,severe
79,74.59965318627718,afternoon,Tuesday,snow,moderate
19,41.904047739376566,morning,Monday,rain,moderate
160,31.305110871685777,night,Tuesday,clear,severe
165,76.89400176711398,morning,Friday,clear,severe
181,93.7869117342432,evening,Saturday,rain,severe
80,70.12872761485562,afternoon,Sunday,snow,moderate
34,59.69805991605852,evening,Thursday,snow,moderate
70,63.7388624817177,night,Wednesday,clear,moderate
195,11.898501505619647,afternoon,Tuesday,rain,severe
155,65.91472364570112,morning,Tuesday,snow,severe
92,83.11559955891565,morning,Tuesday,rain,moderate
63,84.66572750242177,morning,Friday,clear,moderate
171,59.66157608174203,evening,Friday,snow,severe
94,61.399120614945964,night,Thursday,snow,moderate
103,49.667179140216994,morning,Wednesday,clear,moderate
180,42.17723266890655,afternoon,Saturday,rain,severe
44,19.386733359222816,evening,Thursday,rain,severe
50,33.432787971347764,afternoon,Saturday,rain,moderate
194,90.45151279466721,night,Monday,clear,severe
80,93.07985702102124,morning,Wednesday,snow,moderate
194,78.60910193319958,evening,Monday,rain,severe
176,50.63775890726881,afternoon,Thursday,rain,severe
36,16.286081446293974,evening,Tuesday,clear,severe
97,68.51744686494266,evening,Monday,clear,moderate
29,37.76543567817221,night,Monday,rain,moderate
153,39.01565517066413,evening,Friday,rain,severe
84,59.17134655306773,afternoon,Saturday,snow,moderate
198,65.74172012817117,afternoon,Thursday,clear,severe
57,76.92062126577058,night,Monday,clear,moderate
155,83.75736677120253,morning,Saturday,snow,severe
12,78.05997243707832,morning,Tuesday,clear,moderate
198,79.85395586990863,night,Friday,rain,severe
71,92.70835507777537,night,Saturday,rain,moderate
45,20.06813239870897,night,Saturday,snow,severe
69,63.69711149310669,evening,Wednesday,snow,moderate
23,73.30061618124213,night,Friday,snow,moderate
144,12.143430201933018,afternoon,Thursday,snow,severe
16,77.33201168350162,afternoon,Friday,snow,moderate
83,23.94357856674317,afternoon,Wednesday,clear,severe
165,90.97297801667574,morning,Monday,rain,severe
162,98.45039695008496,afternoon,Wednesday,rain,severe
131,93.41379918006182,night,Friday,clear,severe
13,73.08410886511962,evening,Friday,rain,moderate
77,75.94733979347525,morning,Sunday,clear,moderate
168,10.061838679485959,afternoon,Saturday,snow,severe
37,26.187870614778948,evening,Thursday,clear,severe
27,46.71865044462742,night,Tuesday,rain,moderate
26,98.61097522601926,afternoon,Saturday,snow,moderate
104,14.664789950248185,evening,Wednesday,clear,severe
49,70.24986199519176,morning,Wednesday,rain,moderate
166,93.3629333135693,evening,Wednesday,snow,severe
29,67.75351331163637,morning,Saturday,rain,moderate
93,42.30313818215934,night,Saturday,snow,moderate
106,30.812387771848442,morning,Wednesday,snow,moderate
42,89.92993863698864,morning,Wednesday,snow,moderate
105,16.47096597969933,morning,Sunday,snow,severe
102,26.20464622516413,afternoon,Monday,rain,severe
33,60.71586189884671,evening,Wednesday,snow,moderate
68,49.43076366100972,evening,Monday,rain,moderate
161,58.97667201501211,afternoon,Saturday,clear,severe
131,98.00587543215327,afternoon,Saturday,clear,severe
97,14.553542320443075,afternoon,Tuesday,rain,severe
15,26.153970320549895,night,Sunday,snow,severe
178,18.327946137342757,afternoon,Friday,rain,severe
155,94.54219431049066,afternoon,Sunday,rain,severe
102,17.528482266511322,morning,Tuesday,snow,severe
88,85.29710474399694,evening,Saturday,snow,moderate
191,43.262896422194125,evening,Tuesday,clear,severe
12,91.6295834646,afternoon,Tuesday,clear,moderate
105,99.64317157889921,afternoon,Thursday,clear,moderate
53,21.581961854854384,morning,Monday,rain,severe
171,51.897664506361615,morning,Sunday,clear,severe
172,21.847854161074725,morning,Sunday,clear,severe
19,28.784527748232293,night,Friday,snow,severe
49,32.43111437635871,evening,Tuesday,clear,moderate
51,10.80797053063247,afternoon,Tuesday,clear,severe
121,97.05531982720038,night,Wednesday,clear,severe
138,20.868038799006563,afternoon,Tuesday,clear,severe
22,10.353239571719378,night,Friday,snow,severe
113,56.886363052435094,evening,Monday,clear,moderate
10,15.272957067398957,morning,Saturday,rain,severe
177,94.74241996650922,morning,Thursday,clear,severe
59,72.29186498986051,night,Friday,rain,moderate
43,33.47098775242729,night,Friday,rain,moderate
156,69.13863509279678,afternoon,Friday,clear,severe
172,38.79593562150714,evening,Saturday,rain,severe
95,17.47195436137569,morning,Thursday,snow,severe
51,97.36166729388621,morning,Sunday,rain,moderate
136,10.229983937228425,evening,Monday,rain,severe
84,18.59751481887053,afternoon,Thursday,clear,severe
22,43.80720950380679,morning,Thursday,clear,moderate
28,65.50717847039337,night,Tuesday,rain,moderate
127,14.822219848270963,night,Monday,clear,severe
100,54.005870407561034,night,Friday,clear,moderate
66,11.328147345344382,afternoon,Thursday,clear,severe
139,29.909373137947302,afternoon,Monday,clear,severe
29,45.98882071751642,evening,Monday,clear,moderate
159,87.32558775576847,night,Friday,clear,severe
66,36.77980412578954,morning,Tuesday,snow,moderate
147,68.94093034075172,night,Sunday,snow,severe
165,25.04241110024018,afternoon,Saturday,snow,severe
141,54.28777979690317,afternoon,Thursday,rain,severe
83,97.06011182913133,morning,Wednesday,clear,moderate
142,51.762114047109236,morning,Sunday,snow,severe
77,98.4494078482935,morning,Thursday,clear,moderate
44,58.954061895140704,afternoon,Monday,snow,moderate
85,36.94304187932032,morning,Wednesday,rain,moderate
82,62.85080652163676,evening,Saturday,clear,moderate
81,26.4106242789818,evening,Thursday,clear,severe
26,19.787459606128742,night,Monday,rain,severe
149,68.06803665263263,night,Saturday,snow,severe
148,54.652729297249486,afternoon,Thursday,snow,severe
168,29.140677780700535,afternoon,Friday,clear,severe
178,34.162958546904086,afternoon,Tuesday,rain,severe
16,33.85639259704126,night,Thursday,rain,moderate
140,56.15313204090874,night,Monday,snow,severe
82,24.619092792638163,evening,Sunday,clear,severe
41,69.04696301557084,night,Wednesday,snow,moderate
128,36.460573584010035,afternoon,Friday,snow,severe
54,37.883973826808614,morning,Tuesday,snow,moderate
191,90.74359439559001,evening,Sunday,snow,severe
144,19.17249043268464,afternoon,Friday,rain,severe
154,72.54996104753317,evening,Thursday,snow,severe
142,68.56299094461394,evening,Tuesday,clear,severe
143,61.182732471963426,morning,Wednesday,clear,severe
85,77.14810425069261,night,Saturday,clear,moderate
198,30.38532958197934,afternoon,Friday,rain,severe
185,82.29536054830574,evening,Saturday,snow,severe
64,87.85353124217399,evening,Monday,clear,moderate
14,40.123737965866844,night,Wednesday,clear,moderate
21,83.50829063664725,evening,Sunday,rain,moderate
177,38.781903949949594,night,Sunday,rain,severe
13,90.64525113591786,morning,Friday,clear,moderate
152,71.56598035265682,night,Thursday,clear,severe
136,57.40310917831888,morning,Wednesday,snow,severe
118,99.66086422246403,evening,Sunday,snow,moderate
115,85.72318388186477,night,Tuesday,clear,moderate
195,14.694055646737834,evening,Tuesday,clear,severe
156,14.466487353942993,night,Saturday,rain,severe
92,22.545058219458145,night,Thursday,rain,severe
96,96.72805891883563,night,Monday,snow,moderate
89,51.94666545605245,evening,Tuesday,rain,moderate
110,65.63579827876202,evening,Sunday,clear,moderate
82,25.21431998677138,afternoon,Friday,rain,severe
153,14.51117114610906,afternoon,Tuesday,clear,severe
120,53.07287100449269,night,Sunday,clear,moderate
74,31.59992054477564,evening,Monday,rain,moderate
173,71.0039356365846,evening,Sunday,snow,severe
154,24.79826145840389,evening,Tuesday,clear,severe
99,51.463638923498316,afternoon,Thursday,clear,moderate
67,27.652016217285038,night,Sunday,rain,severe
29,16.378691046805145,night,Monday,snow,severe
102,56.75206268343415,evening,Saturday,rain,moderate
91,62.20511652071106,evening,Saturday,clear,moderate
179,84.305240925205,evening,Friday,rain,severe
78,49.979009452149995,night,Saturday,clear,moderate
95,77.09513650339527,morning,Sunday,snow,moderate
33,43.75387778092068,morning,Monday,snow,moderate
140,87.40123476639434,afternoon,Thursday,clear,severe
136,77.88679459367103,night,Thursday,clear,severe
99,51.00459601679866,morning,Friday,snow,moderate
174,83.81179833048621,evening,Wednesday,snow,severe
120,25.713081707236498,morning,Saturday,snow,severe
175,43.1143738437985,morning,Saturday,clear,severe
39,48.81816431679193,night,Wednesday,clear,moderate
135,59.141859636823895,afternoon,Thursday,rain,severe
75,63.1496977221308,evening,Monday,rain,moderate
148,47.13959249469996,morning,Monday,snow,severe
188,45.918467024047516,night,Saturday,rain,severe
176,10.04609955177034,afternoon,Tuesday,snow,severe
23,47.13128255946822,night,Tuesday,snow,moderate
26,13.708629740029593,evening,Wednesday,snow,severe
165,65.5320259813092,evening,Saturday,rain,severe
81,18.794073343883994,afternoon,Monday,rain,severe
86,20.533887568682978,morning,Wednesday,rain,severe
116,95.68377964601454,afternoon,Thursday,clear,moderate
173,27.2609736214215,morning,Tuesday,rain,severe
129,37.291521625201845,evening,Friday,rain,severe
135,11.452271590529506,morning,Monday,snow,severe
33,68.87103365833016,morning,Friday,clear,moderate
118,99.64948799713187,night,Wednesday,clear,moderate
79,59.81545085551218,morning,Friday,rain,moderate
144,92.29214074339177,afternoon,Sunday,rain,severe
27,81.83974750239423,night,Wednesday,snow,moderate
154,30.22928660182751,afternoon,Wednesday,rain,severe
29,18.324640943021702,morning,Monday,snow,severe
64,18.68381639492658,afternoon,Saturday,clear,severe
11,14.612499314050964,night,Sunday,snow,severe
136,47.00027819163978,evening,Monday,clear,severe
100,34.93391834581015,morning,Friday,rain,moderate
97,41.083879821155456,afternoon,Friday,snow,moderate
136,59.12216162466012,night,Wednesday,rain,severe
73,22.64003204639367,afternoon,Wednesday,rain,severe
46,28.231634380936374,evening,Saturday,snow,severe
150,46.63619541449764,afternoon,Thursday,clear,severe
80,71.75706917965141,night,Friday,rain,moderate
28,17.680809443717006,afternoon,Thursday,snow,severe
190,96.99841001976812,evening,Friday,rain,severe
10,10.544967429416733,night,Tuesday,snow,severe
122,68.82049345980954,evening,Monday,clear,severe
127,41.39098570484859,night,Monday,clear,severe
152,88.75042080359789,night,Wednesday,clear,severe
136,92.31182148681954,afternoon,Saturday,rain,severe
44,87.52940122121599,evening,Saturday,rain,moderate
95,19.895802793882996,morning,Sunday,rain,severe
89,95.98587270157795,night,Tuesday,clear,moderate
14,13.422750150072567,afternoon,Thursday,rain,severe
46,83.41613158714445,night,Sunday,clear,moderate
46,36.037620134571036,night,Saturday,clear,moderate
142,97.29993835400369,afternoon,Sunday,rain,severe
52,33.05599138833351,afternoon,Sunday,snow,moderate
44,21.882385751743122,afternoon,Saturday,snow,severe
198,59.70454976196203,morning,Sunday,rain,severe
66,76.80757221768219,morning,Monday,clear,moderate
87,60.22280198886866,afternoon,Thursday,clear,moderate
20,48.587451226465106,morning,Sunday,clear,moderate
83,26.63944123529903,morning,Thursday,rain,severe
20,82.72801063185698,evening,Sunday,clear,moderate
65,24.967413493079576,night,Saturday,snow,severe
91,93.276248409911,evening,Sunday,rain,moderate
187,72.39548465415658,afternoon,Saturday,rain,severe
94,25.17596524045245,morning,Tuesday,rain,severe
178,42.65288583496775,night,Thursday,snow,severe
18,90.8613154982717,afternoon,Wednesday,clear,moderate
17,28.72875022756772,night,Thursday,snow,severe
193,49.879687927416434,night,Thursday,clear,severe
73,62.48394798688733,night,Sunday,clear,moderate
124,12.829095140309958,evening,Friday,snow,severe
40,62.230350319322696,evening,Thursday,snow,moderate
165,63.43470159196695,night,Monday,snow,severe
37,59.895802475911196,evening,Sunday,clear,moderate
39,97.39268925668091,evening,Monday,rain,moderate
141,34.763016279105116,evening,Saturday,clear,severe
186,25.595103112884637,afternoon,Friday,clear,severe
153,48.74973495815789,morning,Wednesday,snow,severe
12,86.97917254460273,afternoon,Friday,clear,moderate
182,78.50997060164048,morning,Tuesday,snow,severe
185,75.9345060095916,morning,Monday,clear,severe
133,22.540805967113364,night,Monday,clear,severe
107,84.7756521681702,afternoon,Saturday,rain,moderate
13,32.349967792282065,morning,Sunday,rain,moderate
132,96.5518194855724,evening,Tuesday,rain,severe
198,73.73284818983153,evening,Wednesday,clear,severe
42,84.52956107603217,night,Sunday,rain,moderate
80,34.409941454575744,night,Wednesday,rain,moderate
162,87.86158973606884,afternoon,Monday,clear,severe
103,27.95181002228926,afternoon,Wednesday,clear,severe
54,22.634864303847067,evening,Friday,snow,severe
131,84.1332340957698,afternoon,Friday,rain,severe
170,42.22455384722212,morning,Wednesday,snow,severe
87,94.72803944521898,evening,Tuesday,clear,moderate
185,48.41683239439568,morning,Wednesday,snow,severe
29,85.05263495841167,morning,Wednesday,clear,moderate
199,59.24814893150866,afternoon,Monday,clear,severe
199,82.85471699094856,evening,Thursday,snow,severe
44,10.113905523716321,evening,Tuesday,snow,severe
45,33.18627028996069,night,Friday,clear,moderate
95,93.95087038191046,morning,Monday,snow,moderate
29,42.606449731917884,morning,Tuesday,rain,moderate
79,51.55305629035415,night,Thursday,clear,moderate
15,98.081553062327,evening,Wednesday,snow,moderate
133,62.18798748425403,afternoon,Saturday,clear,severe
48,51.286023261500674,evening,Saturday,clear,moderate
184,76.95723227651189,evening,Saturday,rain,severe
125,19.942417381993053,afternoon,Wednesday,clear,severe
74,48.203106531630496,night,Thursday,clear,moderate
51,37.26524170167198,night,Wednesday,rain,moderate
88,62.34905083831615,evening,Monday,rain,moderate
66,53.84242001344017,afternoon,Thursday,rain,moderate
81,32.99510954546855,morning,Friday,snow,moderate
137,27.108491432218337,afternoon,Monday,clear,severe
48,12.621245683179506,afternoon,Wednesday,clear,severe
12,36.62759536175621,evening,Tuesday,snow,moderate
39,55.08720603119484,afternoon,Wednesday,snow,moderate
35,52.82386809478512,morning,Thursday,clear,moderate
67,14.833491552995195,night,Tuesday,snow,severe
19,10.694524162143539,afternoon,Wednesday,snow,severe
82,70.37855898226454,afternoon,Friday,rain,moderate
47,21.875015966322813,morning,Friday,clear,severe
156,14.032756230065534,afternoon,Wednesday,clear,severe
70,40.75884034274613,afternoon,Friday,snow,moderate
153,17.84645329700946,afternoon,Monday,snow,severe
60,75.80555797920702,afternoon,Monday,rain,moderate
73,61.77629559953109,morning,Sunday,rain,moderate
170,86.07089818742405,night,Saturday,rain,severe
64,96.28156840930876,evening,Saturday,snow,moderate
185,67.53813852048344,morning,Thursday,rain,severe
87,19.924465603705197,morning,Sunday,rain,severe
18,17.321671876184038,evening,Thursday,snow,severe
199,70.4339361904675,afternoon,Wednesday,clear,severe
128,29.276470774374985,afternoon,Tuesday,snow,severe
52,79.38964377622234,morning,Sunday,rain,moderate
15,17.28912154082093,afternoon,Wednesday,clear,severe
36,68.914484353174,night,Sunday,rain,moderate
141,84.96246653264765,evening,Sunday,snow,severe
56,89.18808771907793,night,Sunday,rain,moderate
110,76.98311903844052,evening,Tuesday,snow,moderate
158,36.97692422643027,afternoon,Monday,rain,severe
108,57.8998864947058,night,Monday,snow,moderate
86,42.64062494171123,evening,Tuesday,snow,moderate
64,49.71545703255274,afternoon,Friday,clear,moderate
61,75.13621813538683,morning,Friday,rain,moderate
56,77.93374010592316,evening,Monday,clear,moderate
132,61.78936263076854,night,Tuesday,snow,severe
145,49.56761273557334,morning,Thursday,snow,severe
162,52.84364024898167,night,Tuesday,snow,severe
41,20.29376835841215,morning,Thursday,clear,severe
52,90.72998142673099,morning,Wednesday,clear,moderate
42,18.31219084617404,afternoon,Saturday,rain,severe
196,65.87985984781486,morning,Sunday,clear,severe
156,99.37802457773348,afternoon,Friday,snow,severe
185,35.14479170373428,evening,Wednesday,rain,severe
192,43.51739766043767,morning,Thursday,snow,severe
35,18.67430977396601,afternoon,Tuesday,clear,severe
69,80.2300097922628,afternoon,Saturday,clear,moderate
85,70.76278670316204,night,Monday,snow,moderate
170,98.01538520501862,night,Monday,clear,severe
74,35.9453496667112,afternoon,Saturday,rain,moderate
17,22.33033496521128,morning,Saturday,rain,severe
60,51.507931060755205,night,Monday,rain,moderate
28,84.38803748270502,night,Monday,snow,moderate
171,48.9139233871602,morning,Monday,clear,severe
103,26.023963582851714,night,Friday,clear,severe
116,95.65935329599874,afternoon,Wednesday,rain,moderate
103,77.12219924736276,evening,Tuesday,rain,moderate
60,23.57698041247187,night,Friday,clear,severe
63,88.33895441450909,night,Sunday,clear,moderate
78,41.877655733770126,night,Sunday,clear,moderate
147,60.02969890111811,night,Tuesday,snow,severe
45,15.855642311946768,evening,Wednesday,snow,severe
75,68.05350285840487,night,Tuesday,clear,moderate
158,73.86722846234588,afternoon,Saturday,clear,severe
195,80.12276178442713,evening,Tuesday,snow,severe
87,99.3763528283618,night,Tuesday,snow,moderate
66,74.27120505716718,evening,Saturday,snow,moderate
78,53.92894743385242,afternoon,Wednesday,snow,moderate
89,24.13190760864358,night,Wednesday,clear,severe
140,52.68363069608246,night,Thursday,snow,severe
81,31.850388997745114,morning,Monday,snow,moderate
104,87.22425330037089,night,Wednesday,snow,moderate
73,14.30877374163215,afternoon,Tuesday,clear,severe
82,42.26010620619037,afternoon,Tuesday,rain,moderate
45,20.13591603655409,evening,Friday,clear,severe
15,99.15631666705309,morning,Friday,snow,moderate
46,17.377253988505906,evening,Saturday,rain,severe
48,96.4403404192672,night,Monday,snow,moderate
12,98.30199380096725,night,Saturday,rain,moderate
184,70.26765388309329,morning,Tuesday,snow,severe
18,12.046571193993099,afternoon,Monday,rain,severe
170,29.208159140702552,morning,Sunday,rain,severe
154,56.66728205216753,afternoon,Thursday,rain,severe
86,74.4193449197832,evening,Monday,clear,moderate
36,44.291125401761015,afternoon,Sunday,snow,moderate
25,70.05230151598207,evening,Thursday,snow,moderate
165,68.82473204857484,night,Sunday,rain,severe
177,94.76880160599153,evening,Monday,snow,severe
126,10.009359574343959,evening,Thursday,snow,severe
150,66.42912967325344,afternoon,Saturday,rain,severe
29,44.92790394435465,morning,Monday,rain,moderate
156,31.23300483444084,night,Thursday,clear,severe
38,31.145246421308773,morning,Friday,snow,moderate
143,43.10649773601759,evening,Thursday,snow,severe
41,88.76313647279859,afternoon,Monday,clear,moderate
140,98.2933408158253,morning,Monday,rain,severe
119,15.119642065142756,night,Sunday,clear,severe
10,28.990484584558548,morning,Monday,clear,severe
132,46.11827527970591,evening,Tuesday,rain,severe
99,52.04789310587912,afternoon,Tuesday,clear,moderate
105,70.41305216792074,night,Wednesday,clear,moderate
38,50.93562059985305,morning,Saturday,snow,moderate
98,20.238053973160568,afternoon,Sunday,clear,severe
112,16.04883978295377,night,Thursday,clear,severe
66,75.90541981135185,evening,Saturday,clear,moderate
98,93.57439180680274,afternoon,Friday,snow,moderate
137,24.893029662958135,evening,Tuesday,rain,severe
154,52.47441586273686,afternoon,Sunday,clear,severe
24,66.7321320490893,night,Friday,clear,moderate
164,11.136136496021823,afternoon,Sunday,snow,severe
112,70.37042840830549,night,Friday,snow,moderate
89,73.14421708913295,evening,Tuesday,clear,moderate
13,93.79874601911672,morning,Friday,clear,moderate
196,79.01841012501298,afternoon,Sunday,rain,severe
58,27.541143674764143,evening,Sunday,rain,severe
40,35.24097670917433,night,Friday,snow,moderate
72,31.890343452584315,evening,Monday,clear,moderate
37,18.959164637150312,afternoon,Monday,rain,severe
97,43.105973445865764,afternoon,Saturday,snow,moderate
116,39.773168141315594,morning,Monday,rain,moderate
11,50.76609323975967,morning,Saturday,rain,moderate
50,21.71992045979678,evening,Tuesday,snow,severe
14,68.31069095723183,evening,Friday,snow,moderate
47,44.93281610837786,evening,Thursday,clear,moderate
86,76.21582987923058,morning,Tuesday,clear,moderate
143,73.97253849882733,morning,Monday,rain,severe
168,98.38067341770844,night,Wednesday,rain,severe
164,37.73454910648586,night,Monday,clear,severe
86,63.208070507412764,morning,Friday,snow,moderate
79,48.67413281164238,evening,Wednesday,snow,moderate
197,87.0850342786608,night,Tuesday,clear,severe
101,75.7871624532165,evening,Friday,clear,moderate
138,30.663708004170847,night,Thursday,snow,severe
21,16.461963522239675,afternoon,Sunday,clear,severe
40,47.49530612770647,afternoon,Tuesday,clear,moderate
178,83.41634179376943,afternoon,Wednesday,rain,severe
143,45.45153921568628,morning,Tuesday,clear,severe
42,92.68717188236714,morning,Sunday,rain,moderate
194,30.286309365131736,evening,Saturday,rain,severe
19,52.603530980160286,evening,Sunday,clear,moderate
27,80.09793580591396,evening,Monday,snow,moderate
42,38.27193087290524,afternoon,Wednesday,rain,moderate
20,88.83775452839316,afternoon,Thursday,clear,moderate
27,19.5295242113176,morning,Friday,clear,severe
40,81.11512912927313,morning,Saturday,snow,moderate
41,54.066444125826024,night,Friday,snow,moderate
186,42.93875069218865,afternoon,Sunday,snow,severe
127,42.49296706995192,night,Saturday,snow,severe
29,62.320765455905025,morning,Monday,rain,moderate
172,84.76646330287224,evening,Saturday,rain,severe
21,25.342760274010736,night,Tuesday,rain,severe
57,23.54269555253319,night,Thursday,snow,severe
138,14.92301607791271,evening,Sunday,snow,severe
184,10.69658215497576,afternoon,Sunday,snow,severe
118,11.690225144382358,morning,Thursday,clear,severe
162,35.99296399041371,afternoon,Monday,clear,severe
97,56.49678284407298,night,Wednesday,rain,moderate
178,58.211738768628685,morning,Thursday,snow,severe
198,78.72642010877446,morning,Thursday,snow,severe
181,62.16929408405668,night,Friday,clear,severe
79,39.031385068374526,afternoon,Saturday,clear,moderate
71,48.84988204552825,afternoon,Wednesday,clear,moderate
136,38.15998502161405,night,Sunday,clear,severe
52,57.12262014785033,morning,Wednesday,clear,moderate
81,57.0986492827974,night,Monday,clear,moderate
129,54.42153903161072,night,Monday,rain,severe
43,36.17306098215383,afternoon,Thursday,clear,moderate
196,41.42961273550287,afternoon,Monday,clear,severe
66,98.88235648467608,evening,Sunday,rain,moderate
78,36.29785988356252,afternoon,Wednesday,rain,moderate
92,35.42055701125678,afternoon,Friday,rain,moderate
196,81.34986314333771,night,Saturday,snow,severe
39,26.157542099054748,evening,Saturday,snow,severe
43,92.35312650950235,morning,Sunday,rain,moderate
163,42.38172056533675,morning,Thursday,snow,severe
118,91.16110602112751,night,Friday,rain,moderate
123,55.68501699073366,morning,Wednesday,rain,severe
28,72.55530111856808,morning,Wednesday,snow,moderate
185,43.24234205391685,afternoon,Friday,clear,severe
133,90.73560366363814,night,Wednesday,snow,severe
143,14.84127449691198,afternoon,Sunday,rain,severe
91,29.494020118064295,night,Saturday,rain,severe
136,65.23107590833428,night,Wednesday,clear,severe
197,72.08229276546574,afternoon,Sunday,rain,severe
176,36.33322697523025,afternoon,Tuesday,rain,severe
184,70.23336324702686,morning,Monday,snow,severe
143,51.42437068351715,morning,Thursday,clear,severe
186,72.99067264279343,night,Saturday,snow,severe
83,51.88989416034226,evening,Friday,rain,moderate
136,23.982865164277243,evening,Friday,clear,severe
65,85.75345500824481,evening,Monday,rain,moderate
87,87.80586347910044,night,Thursday,rain,moderate
59,50.71755380149652,evening,Tuesday,snow,moderate
101,29.99682202035066,night,Sunday,clear,severe
77,11.451611872832475,evening,Monday,clear,severe
178,67.7735274613723,evening,Sunday,clear,severe
183,89.48854028319604,evening,Saturday,snow,severe
158,13.049460052054481,morning,Tuesday,clear,severe
42,14.337256215288932,evening,Monday,rain,severe
22,16.189527116386646,night,Sunday,rain,severe
68,77.8006582291744,evening,Monday,clear,moderate
54,59.425350886714476,evening,Tuesday,snow,moderate
10,61.17094453177454,night,Tuesday,rain,moderate
126,79.48629838731466,evening,Wednesday,clear,severe
151,47.04976649488367,morning,Friday,clear,severe
86,65.39708352012057,afternoon,Monday,snow,moderate
156,44.100232206169686,evening,Saturday,snow,severe
98,79.25557535620601,evening,Wednesday,snow,moderate
114,51.05947541889482,night,Monday,snow,moderate
43,37.99036388749874,evening,Sunday,rain,moderate
82,78.79388389869011,morning,Saturday,snow,moderate
185,95.39380160867478,morning,Thursday,rain,severe
136,52.434704808491794,afternoon,Thursday,clear,severe
196,68.71529340925417,afternoon,Tuesday,clear,severe
10,42.58054716887388,afternoon,Friday,snow,moderate
18,72.65978406113399,evening,Friday,snow,moderate
42,76.25882929910341,night,Tuesday,rain,moderate
119,97.9569484290033,night,Wednesday,rain,moderate
60,30.767342270019306,evening,Wednesday,rain,moderate
108,40.49264368203598,afternoon,Tuesday,clear,moderate
83,70.27590335039207,afternoon,Friday,clear,moderate
139,60.42686848816535,evening,Monday,rain,severe
138,29.45746365876655,night,Tuesday,snow,severe
133,35.61551466312427,evening,Saturday,snow,severe
29,64.40646977507618,evening,Thursday,snow,moderate
111,73.70195418219714,evening,Sunday,rain,moderate
76,75.59890630374426,night,Tuesday,rain,moderate
34,41.45846534253725,morning,Monday,rain,moderate
41,22.661394359472688,evening,Thursday,snow,severe
84,88.71003443923705,night,Monday,snow,moderate
20,78.05805873588456,night,Sunday,snow,moderate
168,75.006256266593,morning,Wednesday,rain,severe
55,85.74880413658309,morning,Saturday,clear,moderate
169,10.877918083719278,night,Friday,rain,severe
12,91.42251310361617,evening,Saturday,snow,moderate
164,18.879178465711625,morning,Monday,clear,severe
165,99.43665933026925,morning,Tuesday,rain,severe
77,40.72421374949289,morning,Saturday,clear,moderate
150,81.29858623145356,night,Monday,rain,severe
177,96.7401628414594,evening,Saturday,snow,severe
99,34.4736744365929,morning,Wednesday,snow,moderate
133,87.31663579311831,evening,Wednesday,clear,severe
135,45.53926434111862,night,Wednesday,clear,severe
90,48.810924002129475,afternoon,Wednesday,rain,moderate
67,59.864387140141105,night,Friday,rain,moderate
115,64.9159045576145,morning,Wednesday,snow,moderate
35,43.92304195267402,night,Saturday,snow,moderate
96,40.813628022461145,evening,Friday,snow,moderate
25,48.31265342407356,morning,Friday,rain,moderate
44,50.35150571831802,afternoon,Thursday,snow,moderate
25,83.51135638586895,night,Saturday,rain,moderate
33,63.91161500720289,afternoon,Friday,snow,moderate
141,31.809162859478043,morning,Saturday,rain,severe
55,17.698335855461522,night,Tuesday,rain,severe
18,74.84996938257333,morning,Wednesday,clear,moderate
104,27.182549903165395,night,Friday,rain,severe
143,22.98584894341841,evening,Saturday,clear,severe
153,69.97879185348877,evening,Wednesday,clear,severe
20,12.176029065788164,evening,Friday,clear,severe
36,33.9506933032966,evening,Friday,clear,moderate
160,88.09420136786687,morning,Saturday,clear,severe
170,28.26093911329425,evening,Monday,clear,severe
113,77.33747421980583,night,Saturday,rain,moderate
112,21.743028365058773,afternoon,Monday,clear,severe
41,24.85008112482679,morning,Saturday,clear,severe
102,10.158039242767222,night,Tuesday,clear,severe
75,65.29315588755858,evening,Tuesday,clear,moderate
112,43.03505229755661,evening,Monday,snow,moderate
199,35.14081231976587,evening,Saturday,rain,severe
88,80.59244696497106,morning,Friday,rain,moderate
31,41.20647796953523,night,Tuesday,snow,moderate
83,91.56617989382092,morning,Monday,snow,moderate
73,14.344915124451457,evening,Friday,snow,severe
22,85.26403598797155,evening,Thursday,clear,moderate
12,34.651684833771895,evening,Monday,clear,moderate
198,10.85929969647374,evening,Wednesday,snow,severe
175,14.994590447337846,evening,Friday,rain,severe
195,36.374946659098256,morning,Friday,rain,severe
57,35.790932569379876,afternoon,Thursday,snow,moderate
150,52.72053236364448,afternoon,Tuesday,clear,severe
155,92.73989015546778,evening,Friday,clear,severe
72,55.48858842283007,afternoon,Monday,rain,moderate
45,14.604703397650342,night,Tuesday,clear,severe
85,30.802938291687934,morning,Sunday,clear,moderate
167,69.62918629727517,night,Sunday,clear,severe
82,94.15012213837919,night,Friday,rain,moderate
79,29.068191882566346,evening,Wednesday,rain,severe
193,96.74803415853853,night,Thursday,rain,severe
11,38.04593136140892,evening,Thursday,rain,moderate
57,81.6409754958339,evening,Sunday,snow,moderate
171,97.67782916731973,evening,Friday,snow,severe
193,76.37964865559914,evening,Tuesday,clear,severe
187,77.87024164220041,night,Thursday,clear,severe
127,78.34323800092153,afternoon,Wednesday,clear,severe
94,40.95543005241269,afternoon,Sunday,snow,moderate
14,30.435092063728913,morning,Friday,clear,moderate
180,88.80103106127925,evening,Friday,rain,severe
132,89.41962192576763,night,Wednesday,snow,severe
83,38.39328465828106,evening,Friday,clear,moderate
165,67.9998916081305,evening,Monday,rain,severe
196,59.61054644157903,evening,Monday,clear,severe
192,21.49855240388522,night,Wednesday,snow,severe
170,92.11957113527647,afternoon,Wednesday,clear,severe
157,75.99391296377226,morning,Saturday,rain,severe
136,57.90256512803775,evening,Thursday,clear,severe
67,32.01274125909788,night,Monday,snow,moderate
154,98.37404773764128,afternoon,Thursday,clear,severe
25,64.48798226215595,afternoon,Tuesday,snow,moderate
24,61.48069115600746,afternoon,Tuesday,rain,moderate
51,23.72615374739562,morning,Saturday,clear,severe
130,23.540955075291517,afternoon,Thursday,rain,severe
171,40.61103595354969,evening,Tuesday,clear,severe
10,42.989192275654446,night,Thursday,snow,moderate
164,93.7806525706967,afternoon,Monday,rain,severe
165,68.30178604662721,afternoon,Wednesday,clear,severe
18,33.474616432154235,afternoon,Friday,clear,moderate
198,68.26259300566844,night,Friday,rain,severe
72,21.924057473889036,morning,Monday,clear,severe
83,71.22577548809474,morning,Sunday,clear,moderate
168,45.86243885545105,night,Monday,snow,severe
87,96.42506512086516,afternoon,Tuesday,clear,moderate
144,62.600003598921816,afternoon,Saturday,clear,severe
137,12.721421394041542,evening,Saturday,rain,severe
183,38.18154218029519,afternoon,Tuesday,snow,severe
178,16.00159657548037,night,Tuesday,snow,severe
31,65.97266721890684,morning,Wednesday,clear,moderate
101,99.72368595347605,morning,Wednesday,snow,moderate
199,81.42928868076164,night,Saturday,snow,severe
28,97.97831199994191,night,Sunday,clear,moderate
65,67.47975371591988,evening,Tuesday,clear,moderate
60,50.17941982012466,evening,Tuesday,clear,moderate
156,90.13290350859957,afternoon,Friday,snow,severe
91,79.41326247143994,night,Friday,snow,moderate
11,79.0289535506787,afternoon,Tuesday,rain,moderate
163,83.05538971368863,afternoon,Tuesday,rain,severe
35,92.10508363353115,night,Monday,clear,moderate
58,82.3288376298564,evening,Saturday,rain,moderate
184,82.70216482177108,afternoon,Saturday,clear,severe
177,70.11048872941157,afternoon,Tuesday,rain,severe
194,45.84647798848164,night,Monday,rain,severe
151,96.85252001299826,afternoon,Sunday,rain,severe
55,80.88105883301169,evening,Monday,rain,moderate
95,51.75931736382392,afternoon,Sunday,rain,moderate
10,22.670392819651305,afternoon,Sunday,rain,severe
155,64.66320055624413,morning,Wednesday,snow,severe
17,24.331519865432533,afternoon,Sunday,snow,severe
173,71.78093074724042,morning,Sunday,snow,severe
138,36.43546379504398,night,Wednesday,rain,severe
144,95.30241197796015,afternoon,Tuesday,snow,severe
113,83.02925289106868,afternoon,Monday,rain,moderate
151,53.655936178686574,evening,Monday,snow,severe
144,56.14398325195176,morning,Friday,rain,severe
158,73.77115921466321,night,Monday,clear,severe
58,15.421433022439679,afternoon,Tuesday,rain,severe
153,93.13781381615837,morning,Saturday,snow,severe
131,11.634641364280538,afternoon,Monday,clear,severe
30,58.83446476689735,morning,Sunday,clear,moderate
186,96.31257984274947,evening,Sunday,snow,severe
154,14.285647150619788,evening,Thursday,snow,severe
179,75.10743141768309,evening,Saturday,snow,severe
96,79.3008188933468,afternoon,Thursday,clear,moderate
31,93.94389940017933,morning,Thursday,clear,moderate
27,61.844038738811435,evening,Monday,clear,moderate
154,90.00616091986247,night,Wednesday,snow,severe
165,91.39476699161494,night,Sunday,clear,severe
184,36.61612213107412,morning,Monday,snow,severe
27,10.561351257986924,night,Sunday,snow,severe
128,94.47539219880754,afternoon,Thursday,rain,severe
20,40.969854052218096,night,Saturday,clear,moderate
107,50.342422232961184,afternoon,Sunday,rain,moderate
62,27.669958055020754,morning,Thursday,snow,severe
43,27.08414261005051,night,Tuesday,clear,severe
120,40.11719635425715,morning,Tuesday,rain,moderate
127,34.73373053746401,night,Friday,clear,severe
90,61.293349848043604,night,Monday,rain,moderate
173,88.23569038768821,afternoon,Tuesday,clear,severe
22,63.06727654224446,morning,Sunday,snow,moderate
46,86.87772233644708,afternoon,Wednesday,snow,moderate
37,16.235280583274793,afternoon,Tuesday,clear,severe
109,66.03357733248419,afternoon,Wednesday,rain,moderate
109,23.522606700500717,afternoon,Monday,snow,severe
120,78.03827158945168,evening,Sunday,clear,moderate
77,49.40803314218299,evening,Thursday,snow,moderate
49,89.04900470716572,afternoon,Sunday,clear,moderate
118,79.99798819603403,night,Friday,snow,moderate
153,92.37302117936045,morning,Saturday,snow,severe
150,88.7947868684921,afternoon,Thursday,rain,severe
78,23.288364616913434,afternoon,Sunday,clear,severe
123,83.81328636937016,morning,Thursday,snow,severe
151,62.06606571483517,morning,Friday,rain,severe
139,42.21963161824071,evening,Tuesday,snow,severe
58,27.128212056420992,afternoon,Thursday,snow,severe
68,68.07759333386937,night,Wednesday,rain,moderate
188,76.94828854976646,afternoon,Friday,snow,severe
118,80.79256600548835,night,Thursday,rain,moderate
15,89.61149917153601,night,Sunday,clear,moderate
119,99.15905069781343,afternoon,Friday,snow,moderate
22,67.36043860939625,night,Saturday,snow,moderate
174,93.8948644673638,evening,Tuesday,clear,severe
118,95.8435877289395,afternoon,Wednesday,rain,moderate
172,49.84360910103075,morning,Tuesday,snow,severe
182,92.81381930309934,afternoon,Wednesday,clear,severe
195,71.0321933641184,afternoon,Thursday,rain,severe
26,63.039923920859856,night,Friday,clear,moderate
25,73.49069427535008,afternoon,Monday,clear,moderate
153,12.374875716116158,evening,Thursday,clear,severe
153,96.4832151586197,evening,Friday,clear,severe
105,23.25752992504073,evening,Sunday,clear,severe
154,13.233562441398483,evening,Saturday,snow,severe
65,27.091192276863367,morning,Tuesday,clear,severe
56,90.28018541495132,night,Monday,snow,moderate
147,34.975583551237165,morning,Sunday,rain,severe
94,45.52106248985016,morning,Tuesday,rain,moderate
99,51.89804831968889,afternoon,Wednesday,snow,moderate
168,94.922298370167,evening,Sunday,rain,severe
57,43.96962601442119,night,Sunday,clear,moderate
114,42.55177638392528,night,Friday,rain,moderate
72,42.855558428439394,night,Wednesday,snow,moderate
49,59.11657229724246,afternoon,Thursday,rain,moderate
34,66.10383838724078,afternoon,Saturday,rain,moderate
48,14.631324844125622,evening,Thursday,rain,severe
185,75.64304264541565,afternoon,Saturday,snow,severe
40,29.235834789657833,evening,Wednesday,rain,severe
178,66.0127087097626,afternoon,Sunday,snow,severe
160,15.177818073537935,evening,Tuesday,snow,severe
120,94.15804474390741,evening,Wednesday,rain,moderate
136,85.50468708209685,afternoon,Tuesday,snow,severe
83,21.35690018982012,night,Tuesday,clear,severe
35,19.154523594863484,evening,Sunday,clear,severe
149,69.05282080528872,evening,Saturday,rain,severe
90,80.97157809046016,afternoon,Sunday,clear,moderate
26,25.773521242327533,morning,Friday,rain,severe
97,34.10156449237462,afternoon,Monday,rain,moderate
21,40.83693008618519,afternoon,Friday,rain,moderate
127,69.37306185348274,night,Saturday,snow,severe
110,77.59308064742619,evening,Thursday,snow,moderate
183,57.543556130894196,evening,Wednesday,snow,severe
104,95.07244897320908,morning,Sunday,rain,moderate
40,97.88421687504666,morning,Sunday,snow,moderate
65,34.911923937487195,morning,Thursday,snow,moderate
139,93.83119459640515,morning,Wednesday,snow,severe
